model,group,seed_count,mean_rate,sd_rate,min_rate,max_rate
2-gram,fault:currency-server-phase-inversion:all,5,1.0,0.0,1.0,1.0
2-gram,fault:currency-server-phase-inversion:seen-size,5,1.0,0.0,1.0,1.0
2-gram,fault:currency-server-phase-inversion:unseen-size,5,1.0,0.0,1.0,1.0
2-gram,fault:drop-product-currency-server-occurrence:all,5,0.3057142857142857,0.13142857142857142,0.2,0.5
2-gram,fault:drop-product-currency-server-occurrence:seen-size,5,0.0,0.0,0.0,0.0
2-gram,fault:drop-product-currency-server-occurrence:unseen-size,5,0.4533333333333333,0.1484737163421339,0.3333333333333333,0.6666666666666666
2-gram,fault:drop-product-server-occurrence:all,5,0.3057142857142857,0.13142857142857142,0.2,0.5
2-gram,fault:drop-product-server-occurrence:seen-size,5,0.0,0.0,0.0,0.0
2-gram,fault:drop-product-server-occurrence:unseen-size,5,0.4533333333333333,0.1484737163421339,0.3333333333333333,0.6666666666666666
2-gram,fault:duplicate-product-currency-server-occurrence:all,5,0.23238095238095238,0.11165219725525978,0.14285714285714285,0.4
2-gram,fault:duplicate-product-currency-server-occurrence:seen-size,5,0.0,0.0,0.0,0.0
2-gram,fault:duplicate-product-currency-server-occurrence:unseen-size,5,0.4533333333333333,0.1484737163421339,0.3333333333333333,0.6666666666666666
2-gram,fault:duplicate-product-server-occurrence:all,5,0.23238095238095238,0.11165219725525978,0.14285714285714285,0.4
2-gram,fault:duplicate-product-server-occurrence:seen-size,5,0.0,0.0,0.0,0.0
2-gram,fault:duplicate-product-server-occurrence:unseen-size,5,0.4533333333333333,0.1484737163421339,0.3333333333333333,0.6666666666666666
2-gram,fault:duplicate-shipping-currency-server-occurrence:all,5,0.4882539682539682,0.07443479817017319,0.42857142857142855,0.6
2-gram,fault:duplicate-shipping-currency-server-occurrence:seen-size,5,0.0,0.0,0.0,0.0
2-gram,fault:duplicate-shipping-currency-server-occurrence:unseen-size,5,1.0,0.0,1.0,1.0
2-gram,normal-all,5,0.7676190476190475,0.11165219725525977,0.6,0.8571428571428571
2-gram,normal-seen-size,5,1.0,0.0,1.0,1.0
2-gram,normal-unseen-size,5,0.5466666666666666,0.1484737163421339,0.3333333333333333,0.6666666666666666
3-gram,fault:currency-server-phase-inversion:all,5,1.0,0.0,1.0,1.0
3-gram,fault:currency-server-phase-inversion:seen-size,5,1.0,0.0,1.0,1.0
3-gram,fault:currency-server-phase-inversion:unseen-size,5,1.0,0.0,1.0,1.0
3-gram,fault:drop-product-currency-server-occurrence:all,5,0.3057142857142857,0.13142857142857142,0.2,0.5
3-gram,fault:drop-product-currency-server-occurrence:seen-size,5,0.0,0.0,0.0,0.0
3-gram,fault:drop-product-currency-server-occurrence:unseen-size,5,0.4533333333333333,0.1484737163421339,0.3333333333333333,0.6666666666666666
3-gram,fault:drop-product-server-occurrence:all,5,0.3057142857142857,0.13142857142857142,0.2,0.5
3-gram,fault:drop-product-server-occurrence:seen-size,5,0.0,0.0,0.0,0.0
3-gram,fault:drop-product-server-occurrence:unseen-size,5,0.4533333333333333,0.1484737163421339,0.3333333333333333,0.6666666666666666
3-gram,fault:duplicate-product-currency-server-occurrence:all,5,0.23238095238095238,0.11165219725525978,0.14285714285714285,0.4
3-gram,fault:duplicate-product-currency-server-occurrence:seen-size,5,0.0,0.0,0.0,0.0
3-gram,fault:duplicate-product-currency-server-occurrence:unseen-size,5,0.4533333333333333,0.1484737163421339,0.3333333333333333,0.6666666666666666
3-gram,fault:duplicate-product-server-occurrence:all,5,0.23238095238095238,0.11165219725525978,0.14285714285714285,0.4
3-gram,fault:duplicate-product-server-occurrence:seen-size,5,0.0,0.0,0.0,0.0
3-gram,fault:duplicate-product-server-occurrence:unseen-size,5,0.4533333333333333,0.1484737163421339,0.3333333333333333,0.6666666666666666
3-gram,fault:duplicate-shipping-currency-server-occurrence:all,5,0.4882539682539682,0.07443479817017319,0.42857142857142855,0.6
3-gram,fault:duplicate-shipping-currency-server-occurrence:seen-size,5,0.0,0.0,0.0,0.0
3-gram,fault:duplicate-shipping-currency-server-occurrence:unseen-size,5,1.0,0.0,1.0,1.0
3-gram,normal-all,5,0.7676190476190475,0.11165219725525977,0.6,0.8571428571428571
3-gram,normal-seen-size,5,1.0,0.0,1.0,1.0
3-gram,normal-unseen-size,5,0.5466666666666666,0.1484737163421339,0.3333333333333333,0.6666666666666666
adaptive-f3-mcfg,fault:currency-server-phase-inversion:all,5,1.0,0.0,1.0,1.0
adaptive-f3-mcfg,fault:currency-server-phase-inversion:seen-size,5,1.0,0.0,1.0,1.0
adaptive-f3-mcfg,fault:currency-server-phase-inversion:unseen-size,5,1.0,0.0,1.0,1.0
adaptive-f3-mcfg,fault:drop-product-currency-server-occurrence:all,5,1.0,0.0,1.0,1.0
adaptive-f3-mcfg,fault:drop-product-currency-server-occurrence:seen-size,5,1.0,0.0,1.0,1.0
adaptive-f3-mcfg,fault:drop-product-currency-server-occurrence:unseen-size,5,1.0,0.0,1.0,1.0
adaptive-f3-mcfg,fault:drop-product-server-occurrence:all,5,1.0,0.0,1.0,1.0
adaptive-f3-mcfg,fault:drop-product-server-occurrence:seen-size,5,1.0,0.0,1.0,1.0
adaptive-f3-mcfg,fault:drop-product-server-occurrence:unseen-size,5,1.0,0.0,1.0,1.0
adaptive-f3-mcfg,fault:duplicate-product-currency-server-occurrence:all,5,1.0,0.0,1.0,1.0
adaptive-f3-mcfg,fault:duplicate-product-currency-server-occurrence:seen-size,5,1.0,0.0,1.0,1.0
adaptive-f3-mcfg,fault:duplicate-product-currency-server-occurrence:unseen-size,5,1.0,0.0,1.0,1.0
adaptive-f3-mcfg,fault:duplicate-product-server-occurrence:all,5,1.0,0.0,1.0,1.0
adaptive-f3-mcfg,fault:duplicate-product-server-occurrence:seen-size,5,1.0,0.0,1.0,1.0
adaptive-f3-mcfg,fault:duplicate-product-server-occurrence:unseen-size,5,1.0,0.0,1.0,1.0
adaptive-f3-mcfg,fault:duplicate-shipping-currency-server-occurrence:all,5,1.0,0.0,1.0,1.0
adaptive-f3-mcfg,fault:duplicate-shipping-currency-server-occurrence:seen-size,5,1.0,0.0,1.0,1.0
adaptive-f3-mcfg,fault:duplicate-shipping-currency-server-occurrence:unseen-size,5,1.0,0.0,1.0,1.0
adaptive-f3-mcfg,normal-all,5,1.0,0.0,1.0,1.0
adaptive-f3-mcfg,normal-seen-size,5,1.0,0.0,1.0,1.0
adaptive-f3-mcfg,normal-unseen-size,5,1.0,0.0,1.0,1.0
exact-template,fault:currency-server-phase-inversion:all,5,1.0,0.0,1.0,1.0
exact-template,fault:currency-server-phase-inversion:seen-size,5,1.0,0.0,1.0,1.0
exact-template,fault:currency-server-phase-inversion:unseen-size,5,1.0,0.0,1.0,1.0
exact-template,fault:drop-product-currency-server-occurrence:all,5,1.0,0.0,1.0,1.0
exact-template,fault:drop-product-currency-server-occurrence:seen-size,5,1.0,0.0,1.0,1.0
exact-template,fault:drop-product-currency-server-occurrence:unseen-size,5,1.0,0.0,1.0,1.0
exact-template,fault:drop-product-server-occurrence:all,5,1.0,0.0,1.0,1.0
exact-template,fault:drop-product-server-occurrence:seen-size,5,1.0,0.0,1.0,1.0
exact-template,fault:drop-product-server-occurrence:unseen-size,5,1.0,0.0,1.0,1.0
exact-template,fault:duplicate-product-currency-server-occurrence:all,5,1.0,0.0,1.0,1.0
exact-template,fault:duplicate-product-currency-server-occurrence:seen-size,5,1.0,0.0,1.0,1.0
exact-template,fault:duplicate-product-currency-server-occurrence:unseen-size,5,1.0,0.0,1.0,1.0
exact-template,fault:duplicate-product-server-occurrence:all,5,1.0,0.0,1.0,1.0
exact-template,fault:duplicate-product-server-occurrence:seen-size,5,1.0,0.0,1.0,1.0
exact-template,fault:duplicate-product-server-occurrence:unseen-size,5,1.0,0.0,1.0,1.0
exact-template,fault:duplicate-shipping-currency-server-occurrence:all,5,1.0,0.0,1.0,1.0
exact-template,fault:duplicate-shipping-currency-server-occurrence:seen-size,5,1.0,0.0,1.0,1.0
exact-template,fault:duplicate-shipping-currency-server-occurrence:unseen-size,5,1.0,0.0,1.0,1.0
exact-template,normal-all,5,0.5117460317460317,0.07443479817017316,0.4,0.5714285714285714
exact-template,normal-seen-size,5,1.0,0.0,1.0,1.0
exact-template,normal-unseen-size,5,0.0,0.0,0.0,0.0
full-product-f3-mcfg,fault:currency-server-phase-inversion:all,5,1.0,0.0,1.0,1.0
full-product-f3-mcfg,fault:currency-server-phase-inversion:seen-size,5,1.0,0.0,1.0,1.0
full-product-f3-mcfg,fault:currency-server-phase-inversion:unseen-size,5,1.0,0.0,1.0,1.0
full-product-f3-mcfg,fault:drop-product-currency-server-occurrence:all,5,1.0,0.0,1.0,1.0
full-product-f3-mcfg,fault:drop-product-currency-server-occurrence:seen-size,5,1.0,0.0,1.0,1.0
full-product-f3-mcfg,fault:drop-product-currency-server-occurrence:unseen-size,5,1.0,0.0,1.0,1.0
full-product-f3-mcfg,fault:drop-product-server-occurrence:all,5,1.0,0.0,1.0,1.0
full-product-f3-mcfg,fault:drop-product-server-occurrence:seen-size,5,1.0,0.0,1.0,1.0
full-product-f3-mcfg,fault:drop-product-server-occurrence:unseen-size,5,1.0,0.0,1.0,1.0
full-product-f3-mcfg,fault:duplicate-product-currency-server-occurrence:all,5,1.0,0.0,1.0,1.0
full-product-f3-mcfg,fault:duplicate-product-currency-server-occurrence:seen-size,5,1.0,0.0,1.0,1.0
full-product-f3-mcfg,fault:duplicate-product-currency-server-occurrence:unseen-size,5,1.0,0.0,1.0,1.0
full-product-f3-mcfg,fault:duplicate-product-server-occurrence:all,5,1.0,0.0,1.0,1.0
full-product-f3-mcfg,fault:duplicate-product-server-occurrence:seen-size,5,1.0,0.0,1.0,1.0
full-product-f3-mcfg,fault:duplicate-product-server-occurrence:unseen-size,5,1.0,0.0,1.0,1.0
full-product-f3-mcfg,fault:duplicate-shipping-currency-server-occurrence:all,5,1.0,0.0,1.0,1.0
full-product-f3-mcfg,fault:duplicate-shipping-currency-server-occurrence:seen-size,5,1.0,0.0,1.0,1.0
full-product-f3-mcfg,fault:duplicate-shipping-currency-server-occurrence:unseen-size,5,1.0,0.0,1.0,1.0
full-product-f3-mcfg,normal-all,5,0.5117460317460317,0.07443479817017316,0.4,0.5714285714285714
full-product-f3-mcfg,normal-seen-size,5,1.0,0.0,1.0,1.0
full-product-f3-mcfg,normal-unseen-size,5,0.0,0.0,0.0,0.0
trivial-f3-mcfg,fault:currency-server-phase-inversion:all,5,0.7441269841269842,0.037217399085086596,0.7142857142857143,0.8
trivial-f3-mcfg,fault:currency-server-phase-inversion:seen-size,5,0.5,0.0,0.5,0.5
trivial-f3-mcfg,fault:currency-server-phase-inversion:unseen-size,5,1.0,0.0,1.0,1.0
trivial-f3-mcfg,fault:drop-product-currency-server-occurrence:all,5,1.0,0.0,1.0,1.0
trivial-f3-mcfg,fault:drop-product-currency-server-occurrence:seen-size,5,1.0,0.0,1.0,1.0
trivial-f3-mcfg,fault:drop-product-currency-server-occurrence:unseen-size,5,1.0,0.0,1.0,1.0
trivial-f3-mcfg,fault:drop-product-server-occurrence:all,5,1.0,0.0,1.0,1.0
trivial-f3-mcfg,fault:drop-product-server-occurrence:seen-size,5,1.0,0.0,1.0,1.0
trivial-f3-mcfg,fault:drop-product-server-occurrence:unseen-size,5,1.0,0.0,1.0,1.0
trivial-f3-mcfg,fault:duplicate-product-currency-server-occurrence:all,5,1.0,0.0,1.0,1.0
trivial-f3-mcfg,fault:duplicate-product-currency-server-occurrence:seen-size,5,1.0,0.0,1.0,1.0
trivial-f3-mcfg,fault:duplicate-product-currency-server-occurrence:unseen-size,5,1.0,0.0,1.0,1.0
trivial-f3-mcfg,fault:duplicate-product-server-occurrence:all,5,1.0,0.0,1.0,1.0
trivial-f3-mcfg,fault:duplicate-product-server-occurrence:seen-size,5,1.0,0.0,1.0,1.0
trivial-f3-mcfg,fault:duplicate-product-server-occurrence:unseen-size,5,1.0,0.0,1.0,1.0
trivial-f3-mcfg,fault:duplicate-shipping-currency-server-occurrence:all,5,1.0,0.0,1.0,1.0
trivial-f3-mcfg,fault:duplicate-shipping-currency-server-occurrence:seen-size,5,1.0,0.0,1.0,1.0
trivial-f3-mcfg,fault:duplicate-shipping-currency-server-occurrence:unseen-size,5,1.0,0.0,1.0,1.0
trivial-f3-mcfg,normal-all,5,1.0,0.0,1.0,1.0
trivial-f3-mcfg,normal-seen-size,5,1.0,0.0,1.0,1.0
trivial-f3-mcfg,normal-unseen-size,5,1.0,0.0,1.0,1.0
